client_group_number,client_name,classification_id,created_at,updated_at,deleted_at
12379,5 Täler Bauhandels GmH,2,16/08/2025,NULL,NULL
12642,Abdichtungen Pargger e.U.,3,16.08.2025,NULL,NULL
10518,ABEK GmbH,2,16.08.2025,NULL,NULL
30072,Adelsberger GmbH,3,16.08.2025,NULL,NULL
10101,Adhesive Dämmsysteme GmbH,2,16.08.2025,NULL,NULL
30060,Aigner Dach GmbH,3,16.08.2025,NULL,NULL
12504,Alex Pargger Isolierungen,2,16.08.2025,NULL,NULL
12597,AllesDach Wagner GmbH,1,16.08.2025,NULL,NULL
10103,Alpe,3,16.08.2025,NULL,NULL
12530,ALPEN BAU GmbH,3,16.08.2025,NULL,NULL
12170,Alpin Baustoffhandel und Transport GmbH,2,16.08.2025,NULL,NULL
11190,Alujet GmbH (Deutschland),1,16.08.2025,NULL,NULL
12551,Alujet GmbH (Lieferungen Innerdeutsch),3,16.08.2025,NULL,NULL
12243,AMANN die DachMarke GmbH,2,16.08.2025,NULL,NULL
12266,AQ Electric AD,2,16.08.2025,NULL,NULL
12153,Ardex Baustoffe GmbH,3,16.08.2025,NULL,NULL
12444,Arge H51 Pfons-Brenner,3,16.08.2025,NULL,NULL
12417,ARGE Mountain Resort Ötz,3,16.08.2025,NULL,NULL
12546,ARGE SBT 1.1 - Tunnel Gloggnitz,3,16.08.2025,NULL,NULL
12569,Ari Griffner Homes und Habitats R & D GmbH,1,16.08.2025,NULL,NULL
11935,Armacell Austria GmbH,3,16.08.2025,NULL,NULL
11286,Armacell GmbH (Münster),1,16.08.2025,NULL,NULL
11802,ARTEC Dach,3,16.08.2025,NULL,NULL
10116,Artesania Schnaitl-Putzer-Hörl GmbH & Co KG,2,16.08.2025,NULL,NULL
11644,Artweger GmbH & Co,3,16.08.2025,NULL,NULL
10821,Atomic/Amersports,2,16.08.2025,NULL,NULL
12633,AT-Thurner Bau GmbH,3,16.08.2025,NULL,NULL
12052,Auer Bruno e.U.,2,16.08.2025,NULL,NULL
11918,Auer Estrichverlegung GmbH,3,16.08.2025,NULL,NULL
12596,August Koell Ges.m.b.H.,2,16.08.2025,NULL,NULL
10251,AustroDach Handels-GmbH & Co KG,3,16.08.2025,NULL,NULL
11640,Austrotherm GmbH,1,16.08.2025,NULL,NULL
12555,Aust-Wimberger Bau GmbH,1,16.08.2025,NULL,NULL
10778,Austyrol Dämmstoffe GmbH,1,16.08.2025,NULL,NULL
12410,b.w.p. Handelsgesellschaft,3,16.08.2025,NULL,NULL
11514,B+M Baustoff + Metall Italia s.r.l.,3,16.08.2025,NULL,NULL
10108,B+M Deutschland,2,16.08.2025,NULL,NULL
12609,B+M isol GmbH,1,16.08.2025,NULL,NULL
12616,B+M Isol Wien Nord,1,16.08.2025,NULL,NULL
12496,B+M NewTec GmbH,1,16.08.2025,NULL,NULL
10106,B+M Österreich,2,16.08.2025,NULL,NULL
10109,Babo Baubedarf GmbH,1,16.08.2025,NULL,NULL
12119,Bacher Dachbau GmbH,3,16.08.2025,NULL,NULL
12619,Baldauf Dachdeckerei – Spenglerei GmbH,2,16.08.2025,NULL,NULL
10111,Batimat Handels- und Isolier-GmbH,2,16.08.2025,NULL,NULL
10168,Baubedarf Schweinzer,1,16.08.2025,NULL,NULL
11959,Bau-Centrum Rudolf Klein GmbH,3,16.08.2025,NULL,NULL
12261,Bauelement GmbH,3,16.08.2025,NULL,NULL
10651,Bau-Elemente Bauer GmbH,2,16.08.2025,NULL,NULL
11215,Bauexpert/Edilfer,1,16.08.2025,NULL,NULL
12431,Bauexpert/Edilfer >HB,3,16.08.2025,NULL,NULL
11277,BAUGROUP GmbH,3,16.08.2025,NULL,NULL
10926,bauMax AG,3,16.08.2025,NULL,NULL
12603,Baumeister Weiser GmbH,2,16.08.2025,NULL,NULL
11525,Baumit GmbH,1,16.08.2025,NULL,NULL
12166,Baumit GmbH DE,3,16.08.2025,NULL,NULL
12562,Baumit SPA,1,16.08.2025,NULL,NULL
11624,BauNeg Handels GmbH,2,16.08.2025,NULL,NULL
12020,Baupool Dämmtechnik AG,3,16.08.2025,NULL,NULL
12540,BauProfi MARINGER,3,16.08.2025,NULL,NULL
12453,Baustoff Eckert GmbH & Co. KG,2,16.08.2025,NULL,NULL
12263,Baustoffe Freiberger GmbH,2,16.08.2025,NULL,NULL
12241,Baustoffvertrieb Mittenwald Seitz e.K.,2,16.08.2025,NULL,NULL
12605,Bauunternehmen Herbert Bendler GesmbH,2,16.08.2025,NULL,NULL
10333,Bauwelt - Sochor A. & Co GmbH,3,16.08.2025,NULL,NULL
11313,Bauzentrum GmbH,2,16.08.2025,NULL,NULL
10115,BayWa AG Obing,3,16.08.2025,NULL,NULL
10936,Becker Plastics GmbH,2,16.08.2025,NULL,NULL
12377,Bedachtes,2,16.08.2025,NULL,NULL
12624,BEGETUBE nv,1,16.08.2025,NULL,NULL
11470,Bellutti Planen Innsbruck GmbH,3,16.08.2025,NULL,NULL
12529,Bendler Erdbau und Transporte,2,16.08.2025,NULL,NULL
12618,Bergamo Isolanti Spa,2,16.08.2025,NULL,NULL
12301,Bergbahn AG Kitzbühel,3,16.08.2025,NULL,NULL
12245,Bergbahn Brixen im Thale AG,2,16.08.2025,NULL,NULL
11725,Bergbahn Steinplatte Aufschließungs-GmbH&CoKG,3,16.08.2025,NULL,NULL
12403,Bergbahnen Ellmau Going GmbH & Co,3,16.08.2025,NULL,NULL
30065,Berger Bruno GmbH,3,16.08.2025,NULL,NULL
10787,Bergmann C. KG,3,16.08.2025,NULL,NULL
11524,Berner Albert Deutschland GmbH,3,16.08.2025,NULL,NULL
11984,Bio-Dynamics,2,16.08.2025,NULL,NULL
11761,Bioenergie Kufstein GmbH,3,16.08.2025,NULL,NULL
10112,Bitbau Doerr GmbH,1,16.08.2025,NULL,NULL
12645,Blatter Baustoffhandel GmbH,1,16.08.2025,NULL,NULL
12613,BM Burger BaugmbH,2,16.08.2025,NULL,NULL
11908,BNW Baustoffnetzwerk GmbH,1,16.08.2025,NULL,NULL
11535,Bodner Hans GmbH & Co KG,1,16.08.2025,NULL,NULL
12146,Börner Georg GmbH & Co,1,16.08.2025,NULL,NULL
11137,Bowcraft GmbH,3,16.08.2025,NULL,NULL
12590,Breitfuss GmbH Dachdeckerei,2,16.08.2025,NULL,NULL
12196,Brenner Stefan Zimmerei,3,16.08.2025,NULL,NULL
10517,Bretterklieber GmbH,3,16.08.2025,NULL,NULL
10240,Bruno Machacek GmbH & Co KG,1,16.08.2025,NULL,NULL
10120,BTI Befestigungstechnik GmbH & Co KG,1,16.08.2025,NULL,NULL
10589,Buchauer & Strasser GmbH,3,16.08.2025,NULL,NULL
12632,Budgetisolatieshop B.V.,2,16.08.2025,NULL,NULL
12622,Bull Bau GmbH,2,16.08.2025,NULL,NULL
12364,Burmak AG,3,16.08.2025,NULL,NULL
10123,Büsscher & Hoffmann GmbH,1,16.08.2025,NULL,NULL
11852,Bussemas & Pollmeier GmbH & Co. KG,2,16.08.2025,NULL,NULL
12414,BVG - Baufolie,2,16.08.2025,NULL,NULL
11338,BVM GmbH,2,16.08.2025,NULL,NULL
12571,CA Sicurezza srl,1,16.08.2025,NULL,NULL
10125,Canal & Co Bauwaren,3,16.08.2025,NULL,NULL
10928,Carvatech Karosserie & Kabinenbau GmbH,3,16.08.2025,NULL,NULL
10643,Cerne Baustoff- und Fertigteilwerk GmbH,3,16.08.2025,NULL,NULL
12349,CLIMASONIC Produktions- und VertriebsgmbH,1,16.08.2025,NULL,NULL
12269,ClouSet PRO GmbH Energie- und Flächensysteme,2,16.08.2025,NULL,NULL
12092,COLORES Handels GmbH,2,16.08.2025,NULL,NULL
11243,Cona Entwicklungs- und Handels-GmbH,3,16.08.2025,NULL,NULL
11451,Container d.o.o.,3,16.08.2025,NULL,NULL
10130,Contract Company Services GmbH & Co. KG,1,16.08.2025,NULL,NULL
10128,COPREX Energiesysteme GmbH,3,16.08.2025,NULL,NULL
10187,Coveris Flexibles Austria GmbH (Unterland),2,16.08.2025,NULL,NULL
10695,Dach und Wand Handels-GmbH & Co KG,3,16.08.2025,NULL,NULL
11110,Dachdecker Einkauf Süd eG,2,16.08.2025,NULL,NULL
10131,Dagn Hermann GmbH,1,16.08.2025,NULL,NULL
11736,Dämmstoffe Roider,3,16.08.2025,NULL,NULL
12432,DÄMMWERK GmbH,3,16.08.2025,NULL,NULL
10159,Danhauser GmbH,3,16.08.2025,NULL,NULL
11892,DBH Dämmstoff-Vertriebsgruppe GmbH,2,16.08.2025,NULL,NULL
10820,DEG alles für das Dach eG - Deutschland,3,16.08.2025,NULL,NULL
12031,DEG alles für das Dach eG - Luxemburg (Bettembourg),3,16.08.2025,NULL,NULL
12101,Deinlein Friedrich,3,16.08.2025,NULL,NULL
30022,Dettmann Walter GmbH,3,16.08.2025,NULL,NULL
12065,Deurotherm Isolierungen GmbH,3,16.08.2025,NULL,NULL
12450,DEV Vertriebs-GmbH,2,16.08.2025,NULL,NULL
10118,Diart Bau- & Dämmstoffe GmbH,3,16.08.2025,NULL,NULL
10697,die baulöwen (ehem. Pongratz),3,16.08.2025,NULL,NULL
11343,Die Wiener Stuckmanufaktur GmbH,3,16.08.2025,NULL,NULL
10138,Dihag Handels-GmbH,1,16.08.2025,NULL,NULL
12587,Dorer GmbH Spenglerei & Dachdeckerei,1,16.08.2025,NULL,NULL
12459,DOYMA GmbH & Co,2,16.08.2025,NULL,NULL
12158,DRG Dicht- und Klebetechnik GmbH,1,16.08.2025,NULL,NULL
12038,DSA Door Systems GmbH (Guttomat),3,16.08.2025,NULL,NULL
12433,DTF Holding AG,3,16.08.2025,NULL,NULL
12634,Durrisol Kuster AG,1,16.08.2025,NULL,NULL
12510,DW Verbundrohre GmbH,3,16.08.2025,NULL,NULL
12235,DW-Abdichtungen Dietmar Wanitschek,3,16.08.2025,NULL,NULL
12636,Ebner Erich & Söhne GmbH,3,16.08.2025,NULL,NULL
10259,Ebster GmbH,2,16.08.2025,NULL,NULL
11315,Edel Bau GmbH,3,16.08.2025,NULL,NULL
12132,Eder Holzbau,3,16.08.2025,NULL,NULL
11767,Eder Systembau GmbH & Co KG,2,16.08.2025,NULL,NULL
12570,EDILSAV 2 SRL,3,16.08.2025,NULL,NULL
12621,Egger Bau GmbH,3,16.08.2025,NULL,NULL
11339,Egger Fritz GmbH & Co. OG,3,16.08.2025,NULL,NULL
12442,Egger Getränke GmbH & Co OG,3,16.08.2025,NULL,NULL
10260,Egger GmbH,2,16.08.2025,NULL,NULL
11259,Egger GmbH,3,16.08.2025,NULL,NULL
12523,Egger Josef Zimmerei-Holzbau GmbH,2,16.08.2025,NULL,NULL
10143,Ehrlich GmbH & Co KG,2,16.08.2025,NULL,NULL
12159,EHT Italia s.r.l.,2,16.08.2025,NULL,NULL
10738,Einkaufszentrum Sabitzer GmbH,3,16.08.2025,NULL,NULL
11401,Eisenkies GmbH & Co KG,3,16.08.2025,NULL,NULL
10649,Eisl Johann GmbH,1,16.08.2025,NULL,NULL
12324,Element AG,2,16.08.2025,NULL,NULL
12129,ELEMENTW GMBH & CO KG,2,16.08.2025,NULL,NULL
11452,ELK-Fertighaus GmbH,3,16.08.2025,NULL,NULL
10872,Elri Isoliersysteme AG,1,16.08.2025,NULL,NULL
12581,EMD Poland Sp. z o.o.,1,16.08.2025,NULL,NULL
11499,Empl Bau-GmbH,3,16.08.2025,NULL,NULL
10535,Energietechnik GmbH (Erpfendorf),3,16.08.2025,NULL,NULL
10856,Energietechnik GmbH (St. Ulrich am Pillersee),3,16.08.2025,NULL,NULL
12600,ENKHO GmbH & Co.KG,2,16.08.2025,NULL,NULL
12547,Enöckl GmbH Bau- und Zimmermeister,1,16.08.2025,NULL,NULL
12531,Esbo Estrich- u Bodenverlegungsgesellschaft m.b.H.,3,16.08.2025,NULL,NULL
12625,ES-Dachsysteme GmbH,1,16.08.2025,NULL,NULL
12475,Estrichtechnik Dengg & Tasser GmbH,2,16.08.2025,NULL,NULL
12630,ETS Elektronik Thomas Schmidt GmbH,2,16.08.2025,NULL,NULL
10785,EuroBaustoff Handels-GmbH & Co KG (Deutschland),1,16.08.2025,NULL,NULL
12285,Eurocol Ltd.,3,16.08.2025,NULL,NULL
12226,Europerl - Stauss Perlite GmbH,3,16.08.2025,NULL,NULL
10147,Eurotherm SPA / Enetec,1,16.08.2025,NULL,NULL
12443,Eurozimmerei GmbH,3,16.08.2025,NULL,NULL
11134,Fadewa GmbH,2,16.08.2025,NULL,NULL
12455,Fankhauser Estriche GmbH,3,16.08.2025,NULL,NULL
10126,FB-ARGE Grebenzen Holweg - Ehrenreich,2,16.08.2025,NULL,NULL
12584,FBB Abdichtungstechnik GmbH,2,16.08.2025,NULL,NULL
11858,FDF GmbH,2,16.08.2025,NULL,NULL
12566,Fernsebner Bau,2,16.08.2025,NULL,NULL
10261,Fetter Baumarkt GmbH,1,16.08.2025,NULL,NULL
11090,FILLI-Stahl GesmbH.,3,16.08.2025,NULL,NULL
11774,Fischer Bau GmbH,3,16.08.2025,NULL,NULL
12594,Flachau Dach GmbH,2,16.08.2025,NULL,NULL
11511,Flattec Vertriebs GmbH,1,16.08.2025,NULL,NULL
12445,Flatz GmbH,1,16.08.2025,NULL,NULL
11596,Fleischmann & Petschnig,2,16.08.2025,NULL,NULL
10877,Fodermayer Isolierstoffe GmbH,1,16.08.2025,NULL,NULL
10154,Fränkische Rohrwerke GmbH & Co KG,1,16.08.2025,NULL,NULL
12284,Frauenthal Handel Gruppe AG,1,16.08.2025,NULL,NULL
10155,Fred's Malerei GmbH,2,16.08.2025,NULL,NULL
12348,Freizeitzentrum Waidring GmbH & Co KG,3,16.08.2025,NULL,NULL
10158,Frieser München GmbH,3,16.08.2025,NULL,NULL
12557,Frisanco F.lli s.a.s. di Frisanco Stefano & C.,3,16.08.2025,NULL,NULL
11686,Fritz Baustoffe GmbH & Co KG,1,16.08.2025,NULL,NULL
10197,Fritz Holter GmbH,1,16.08.2025,NULL,NULL
11559,Fröhlich Kisling Lucke,3,16.08.2025,NULL,NULL
11329,Fröschl AG & Co KG,3,16.08.2025,NULL,NULL
12502,Gaisberg Bau GmbH,3,16.08.2025,NULL,NULL
11776,Ganz & Co. AG,2,16.08.2025,NULL,NULL
10166,Gasteiger Hans GmbH & Co KG,3,16.08.2025,NULL,NULL
12578,GB3 Bau GmbH,2,16.08.2025,NULL,NULL
10172,GC-Gruppe Deutschland,1,16.08.2025,NULL,NULL
10171,GC-Gruppe Österreich,1,16.08.2025,NULL,NULL
11574,GC-Gruppe Tschechien,1,16.08.2025,NULL,NULL
11042,Geberit Fabrication SA,1,16.08.2025,NULL,NULL
12518,Gebr. Kofler GesmbH,3,16.08.2025,NULL,NULL
12612,Gebrüder OITNER Bauunternehmung Ges.m.b.H.,2,16.08.2025,NULL,NULL
30086,Gebrüder Roubin Spenglerei,3,16.08.2025,NULL,NULL
12345,Gefinex GmbH,1,16.08.2025,NULL,NULL
10169,Geiger & Platter GmbH & Co KG,3,16.08.2025,NULL,NULL
11472,Gemeindeamt Kirchdorf,2,16.08.2025,NULL,NULL
11486,Gemeindeamt Waidring,3,16.08.2025,NULL,NULL
11015,Geschützte Werkstätte Integrative Betriebe Tirol-GmbH,3,16.08.2025,NULL,NULL
12276,GHS Global Housing Solutions,3,16.08.2025,NULL,NULL
12313,Gienger Hungaria Kft,1,16.08.2025,NULL,NULL
12507,Gimpl Dachsysteme,3,16.08.2025,NULL,NULL
10173,Glabischnig Hans KG,3,16.08.2025,NULL,NULL
11971,Glemmtaler Baugesellschaft m.b.H.,3,16.08.2025,NULL,NULL
10174,Goidinger Hans DI GmbH,1,16.08.2025,NULL,NULL
12036,Gonschorek GmbH,3,16.08.2025,NULL,NULL
12353,Goran Tadic GmbH,3,16.08.2025,NULL,NULL
11977,Granit Bauunternehmung,3,16.08.2025,NULL,NULL
11654,GREENoneTEC Solarindustrie GmbH / Kioto,2,16.08.2025,NULL,NULL
11212,Greiner Einkaufsmarkt GmbH & Co KG,3,16.08.2025,NULL,NULL
12552,Greinwald Bauunternehmen GmbH,2,16.08.2025,NULL,NULL
12511,Grolitzer Verwaltungs GmbH,3,16.08.2025,NULL,NULL
12147,GS Wärmesysteme GmbH,1,16.08.2025,NULL,NULL
10176,Gschwandtner Handels-GmbH,1,16.08.2025,NULL,NULL
30077,Gugg Dachdeckerei GmbH,3,16.08.2025,NULL,NULL
30009,Günther Carl GmbH (Kematen),3,16.08.2025,NULL,NULL
10670,H. Janssen & Co KG,2,16.08.2025,NULL,NULL
12032,Haas Fertigbau Holzbauwerk GmbH & Co KG,3,16.08.2025,NULL,NULL
12083,HAFNERTEC Bicker GmbH,3,16.08.2025,NULL,NULL
10183,hagebau Österreich GmbH & Co KG,2,16.08.2025,NULL,NULL
30010,Hagen Gesellschaft m.b.H.,3,16.08.2025,NULL,NULL
10186,Hannak GmbH,3,16.08.2025,NULL,NULL
12460,Hans Braun Dachdeckerei,3,16.08.2025,NULL,NULL
12164,Happy Bau & Vertriebs GmbH,3,16.08.2025,NULL,NULL
12149,Harlander Baustoffhandel,2,16.08.2025,NULL,NULL
11881,Harreither GmbH,2,16.08.2025,NULL,NULL
11606,Hartl Haus Holzindustrie GmbH,3,16.08.2025,NULL,NULL
12577,Haustechnik Gschwendner,3,16.08.2025,NULL,NULL
10189,HB-Technik Huber & Büchele GmbH & Co KG,3,16.08.2025,NULL,NULL
30054,HD Dachtechnik,3,16.08.2025,NULL,NULL
11914,Heigl Baumeister GmbH,3,16.08.2025,NULL,NULL
12593,Heigl GmbH,1,16.08.2025,NULL,NULL
12458,Heigl GmbH & Co KG,3,16.08.2025,NULL,NULL
30064,Heigl Matthias GmbH,3,16.08.2025,NULL,NULL
11145,Heinig Import,2,16.08.2025,NULL,NULL
12553,Hejon Plus Dämmstoffvertrieb GmbH,3,16.08.2025,NULL,NULL
10842,Hella Produktion GmbH,1,16.08.2025,NULL,NULL
12585,Helmut Fleidl Ges.m.b.H.,2,16.08.2025,NULL,NULL
12623,HEPF Modellbau GmbH,3,16.08.2025,NULL,NULL
10837,Herbitschek  GmbH (Mürzzuschlag),2,16.08.2025,NULL,NULL
12608,Herbst Holzbau GesmbH & Co KG,2,16.08.2025,NULL,NULL
12246,Herk-Dach GmbH,3,16.08.2025,NULL,NULL
10568,Hermann & Müller GmbH & Co KG,3,16.08.2025,NULL,NULL
11374,herotec GmbH Flächenheizung,3,16.08.2025,NULL,NULL
10192,Herrnegger Baustoffhandel GmbH,3,16.08.2025,NULL,NULL
10194,Hilti & Jehle GmbH,3,16.08.2025,NULL,NULL
10221,Hirsch Porozell GmbH,3,16.08.2025,NULL,NULL
12595,Hirschbeck & Plank Abdichtungs GmbH,3,16.08.2025,NULL,NULL
10513,Hirschbichler Manfred GmbH,2,16.08.2025,NULL,NULL
11660,Hlawna GmbH Terrazzo-Industrieböden-Estriche,2,16.08.2025,NULL,NULL
12503,HM-Bau GmbH,3,16.08.2025,NULL,NULL
12506,HO-BAU GmbH Hermann Oberauer,3,16.08.2025,NULL,NULL
12395,Hoch Peter GmbH & Co.KG,3,16.08.2025,NULL,NULL
30017,Hochegger Dächer GmbH,3,16.08.2025,NULL,NULL
12534,Hochrieser GmbH,3,16.08.2025,NULL,NULL
11662,Höck Holzbau GmbH,2,16.08.2025,NULL,NULL
11351,Hofer Ing. GmbH,3,16.08.2025,NULL,NULL
12497,Hofmann Flachdach GmbH & Co. KG,3,16.08.2025,NULL,NULL
12438,Holzbau Herbert Hollerer GmbH,2,16.08.2025,NULL,NULL
12561,Holzbau Höck,2,16.08.2025,NULL,NULL
12627,Holzbau HOFER GmbH,2,16.08.2025,NULL,NULL
10681,Holzbau Hölzl,3,16.08.2025,NULL,NULL
12194,Holzbau Huber GmbH,3,16.08.2025,NULL,NULL
12565,Holzbau Koch GmbH,3,16.08.2025,NULL,NULL
12298,Holzbau Lechner & Co. OHG,3,16.08.2025,NULL,NULL
12620,Hoppichler Gesellschaft m.b.H.,3,16.08.2025,NULL,NULL
10198,Hörhager Isolier GmbH,3,16.08.2025,NULL,NULL
30104,Hörl Spenglerei GmbH & Co KG,3,16.08.2025,NULL,NULL
11091,Hornbach Baumarkt GmbH,1,16.08.2025,NULL,NULL
11659,Hospa,3,16.08.2025,NULL,NULL
12094,Hot & Cold GmbH,3,16.08.2025,NULL,NULL
10974,HP Praski GmbH,1,16.08.2025,NULL,NULL
12602,HSG Schattauer,2,16.08.2025,NULL,NULL
12317,HSH Dämmtechnik GmbH,3,16.08.2025,NULL,NULL
12262,HSP Holzbau Dach GmbH,3,16.08.2025,NULL,NULL
12508,Hubert Haas Baumaterialien GmbH & Co KG,3,16.08.2025,NULL,NULL
30078,HV Bau GmbH,3,16.08.2025,NULL,NULL
11873,HW Bau GmbH,3,16.08.2025,NULL,NULL
10201,Idealbau GmbH,1,16.08.2025,NULL,NULL
12293,IDM Energiesysteme GmbH,2,16.08.2025,NULL,NULL
11658,IDV Isolier- und Dämmstoff-Vertriebs-Gesellschaft mbH,2,16.08.2025,NULL,NULL
12398,IMMKA Immobilien Krausse Aigner GmbH,3,16.08.2025,NULL,NULL
10202,Impex GmbH,2,16.08.2025,NULL,NULL
12556,Implenia Österreich GmbH,1,16.08.2025,NULL,NULL
10377,Ing. Hans Lang GmbH,1,16.08.2025,NULL,NULL
12254,Ing. Norbert Seifner GmbH,3,16.08.2025,NULL,NULL
10280,Ingenieure Maurer Wallnöfer GmbH & Co KG,1,16.08.2025,NULL,NULL
10596,Inhaus Handels-GmbH,2,16.08.2025,NULL,NULL
10203,Innocente GmbH KG,3,16.08.2025,NULL,NULL
12302,Innsbrucker Nordkettenbahn Betriebs GmbH,3,16.08.2025,NULL,NULL
12573,INSUNDLATION GmbH,3,16.08.2025,NULL,NULL
12606,IPR Modul Systeme GmbH,1,16.08.2025,NULL,NULL
10592,IPW Handelsagentur,1,16.08.2025,NULL,NULL
11875,IQ Dämmstofftechnik GmbH,3,16.08.2025,NULL,NULL
12373,IQ Tectum GmbH,1,16.08.2025,NULL,NULL
11272,IQ Vertriebs GmbH & Co KG,2,16.08.2025,NULL,NULL
12575,ISO - Gesellschaft für Isolier- und Feuchtraumtechnik mbH,3,16.08.2025,NULL,NULL
12342,Iso Dämmstoff Vertriebsgesellschaft mbH,2,16.08.2025,NULL,NULL
11970,ISO Protect GmbH,3,16.08.2025,NULL,NULL
12210,ISODAEM DEUTSCHLAND GMBH,3,16.08.2025,NULL,NULL
11795,ISODAEM GmbH,3,16.08.2025,NULL,NULL
11682,ISODEAL Steinmetz GmbH,2,16.08.2025,NULL,NULL
10205,Isodomus GmbH,1,16.08.2025,NULL,NULL
10206,Isolier GmbH,2,16.08.2025,NULL,NULL
10633,ISOPARTNER Austria GmbH,1,16.08.2025,NULL,NULL
10208,Isoplus GmbH (Österreich),3,16.08.2025,NULL,NULL
10806,IVT GmbH & Co KG,1,16.08.2025,NULL,NULL
12380,iwmb.now Digitalkommunikation,3,16.08.2025,NULL,NULL
10367,JAF ZENGERER GmbH,3,16.08.2025,NULL,NULL
11726,Jäger Systemvertrieb GmbH,3,16.08.2025,NULL,NULL
12322,James Hardie Netherlands B.V.,1,16.08.2025,NULL,NULL
12635,Jansegers BV,1,16.08.2025,NULL,NULL
11435,Jansen AG,1,16.08.2025,NULL,NULL
11981,JARAFLEX Vertriebs-GmbH,3,16.08.2025,NULL,NULL
11849,Jass Baubedarf GmbH & Co. KG,3,16.08.2025,NULL,NULL
12641,Johann Auer GmbH,3,16.08.2025,NULL,NULL
12383,Josef Erharter Vermietung,3,16.08.2025,NULL,NULL
10214,Josef Foidl Ges.m.b.H. & Co. Kg,2,16.08.2025,NULL,NULL
12400,js-therm GmbH,1,16.08.2025,NULL,NULL
11882,Jung & Sohn GesmbH,3,16.08.2025,NULL,NULL
11938,Jungwirth W. GesmbH,3,16.08.2025,NULL,NULL
12429,Juwel H. Wüster GmbH,3,16.08.2025,NULL,NULL
12144,K & N Isoliertechnik GmbH,2,16.08.2025,NULL,NULL
10666,K.H.S. Isoliertechnik GmbH,3,16.08.2025,NULL,NULL
12213,Kabicher Norbert e. U.,3,16.08.2025,NULL,NULL
12541,Kaimann GmbH,1,16.08.2025,NULL,NULL
10263,Kandussi Rudolf GmbH,3,16.08.2025,NULL,NULL
12332,KAN-therm GmbH,3,16.08.2025,NULL,NULL
12424,Karl Mach Gesellschaft m.b.H.,3,16.08.2025,NULL,NULL
12591,Karl Mayr GmbH & Co. KG,1,16.08.2025,NULL,NULL
11572,Karl Puchleitner Bau-GesmbH,3,16.08.2025,NULL,NULL
10863,Kasberger Peter Baustoff GmbH,3,16.08.2025,NULL,NULL
12376,KASSLER3,3,16.08.2025,NULL,NULL
12229,Kaswurm Immobilien & Wohnbau GmbH,3,16.08.2025,NULL,NULL
10217,KE Kelit Kunststoffwerk GmbH,1,16.08.2025,NULL,NULL
12296,Kempf & Seifried GmbH,3,16.08.2025,NULL,NULL
10714,Kermi GmbH/Prolux,1,16.08.2025,NULL,NULL
11961,K-Flex L'Isolante,3,16.08.2025,NULL,NULL
10102,KGI GmbH,2,16.08.2025,NULL,NULL
11630,Kieninger GmbH,3,16.08.2025,NULL,NULL
10218,Kienpointner Gerhard GmbH,3,16.08.2025,NULL,NULL
12440,Kingspan Unidek B.V.,3,16.08.2025,NULL,NULL
12239,KK-Bautechnik GmbH,2,16.08.2025,NULL,NULL
10811,Klauss Alois GmbH,3,16.08.2025,NULL,NULL
12161,KME Mansfeld GmbH (MKM),3,16.08.2025,NULL,NULL
12305,Knapp GmbH Zimmerei & Sägewerk,2,16.08.2025,NULL,NULL
10224,Koch Michael GmbH,3,16.08.2025,NULL,NULL
12251,Kocher GmbH & Co KG,3,16.08.2025,NULL,NULL
10225,Kofler Isolier- und Dämmtechnik GmbH,3,16.08.2025,NULL,NULL
12260,Kohlbacher GmbH,2,16.08.2025,NULL,NULL
12145,Köhlbichler Zimmerei,2,16.08.2025,NULL,NULL
12106,Kolar Baustoff,3,16.08.2025,NULL,NULL
11026,Kolb & Dieng GmbH,3,16.08.2025,NULL,NULL
12615,Köll Holz+Dach GmbH,3,16.08.2025,NULL,NULL
12248,Kölnsperger Bedachungshandel GmbH,2,16.08.2025,NULL,NULL
12152,KORFF AG,2,16.08.2025,NULL,NULL
11611,Kormann GmbH & Co KG,3,16.08.2025,NULL,NULL
12638,KÖSTER BAUCHEMIE AG,1,16.08.2025,NULL,NULL
10178,Kraft Baustoffe GmbH,3,16.08.2025,NULL,NULL
12059,Krause Schwimmbadtechnik GmbH,3,16.08.2025,NULL,NULL
10229,Krawany Johann Handels-GmbH,3,16.08.2025,NULL,NULL
11321,Kremsmüller Industrieanlagenbau KG,2,16.08.2025,NULL,NULL
12399,Kronbichler GmbH,3,16.08.2025,NULL,NULL
10758,KSK Baumarkt GmbH,3,16.08.2025,NULL,NULL
30092,Kudrna Walter Gesellschaft m.b.H.,3,16.08.2025,NULL,NULL
12207,Kühne & Nagel Ges.m.b.H.,3,16.08.2025,NULL,NULL
11910,Kulmer Holz-Leimbau GesmbH,2,16.08.2025,NULL,NULL
12365,Kurt Siorpaes,2,16.08.2025,NULL,NULL
11834,Kurz Fertigteilbau GmbH,3,16.08.2025,NULL,NULL
30094,KWA Abdichtungs- und Isolierungs GmbH,3,16.08.2025,NULL,NULL
30068,LAAS Dach & Wand GmbH. & Co. KG,3,16.08.2025,NULL,NULL
10232,Laas Leichtdach Systeme GmbH,3,16.08.2025,NULL,NULL
11926,Laier Rudolf GmbH,1,16.08.2025,NULL,NULL
12607,Langlauf- und Biathlonzentrum Osttirol GmbH,3,16.08.2025,NULL,NULL
12426,LAPPI & LAPPI Holzbau GmbH,3,16.08.2025,NULL,NULL
11748,Larch Sanitärgroßhandel,3,16.08.2025,NULL,NULL
11749,Lasselsberger GmbH,3,16.08.2025,NULL,NULL
12275,LCB Buildings GmbH,3,16.08.2025,NULL,NULL
11770,Lederer-Grabner Franz BaugesmbH,3,16.08.2025,NULL,NULL
11206,Lehner Baustoffhandel,3,16.08.2025,NULL,NULL
12375,LERO Dämmsysteme e.U.,3,16.08.2025,NULL,NULL
10236,LHG/Streich (Feldkirchen/Stein),3,16.08.2025,NULL,NULL
11297,Lieb-Markt GmbH,2,16.08.2025,NULL,NULL
12286,Ligna Construct GmbH/Srl,3,16.08.2025,NULL,NULL
12257,Lindner AG,3,16.08.2025,NULL,NULL
12121,Lins Dach & Fassade GmbH,3,16.08.2025,NULL,NULL
11621,Live GmbH (& Co KG),1,16.08.2025,NULL,NULL
12174,LKV Logistik GmbH,3,16.08.2025,NULL,NULL
11657,logibau ag,3,16.08.2025,NULL,NULL
12363,Loidl GmbH,3,16.08.2025,NULL,NULL
11394,Lorencic GmbH Nfg. & Co KG,1,16.08.2025,NULL,NULL
12419,Lorenz & Beck,1,16.08.2025,NULL,NULL
10258,Ludwig Canal's Kinder Baustoffwerke Imst GmbH & Co KG,3,16.08.2025,NULL,NULL
12583,LUKI Baustoffe GmbH,1,16.08.2025,NULL,NULL
12319,MAbA Fertigteilindustrie GmbH,2,16.08.2025,NULL,NULL
11462,Maier Holzbau GmbH & Co KG,1,16.08.2025,NULL,NULL
12259,Maier Sports GmbH,2,16.08.2025,NULL,NULL
11573,Maincor Rohrsysteme GmbH & Co. KG,1,16.08.2025,NULL,NULL
12274,Manfred Gasser und Mitbesitzer,3,16.08.2025,NULL,NULL
30002,Margreiter GmbH,3,16.08.2025,NULL,NULL
12526,Markus Mengele Dämmstoffe,3,16.08.2025,NULL,NULL
12576,Markus Miesl Haustechnik GmbH,3,16.08.2025,NULL,NULL
12281,Marschner Gesellschaft m.b.H.,2,16.08.2025,NULL,NULL
11362,MART Épitöipari Kereskedelmi Kft,2,16.08.2025,NULL,NULL
10242,Mayr Alois Bauwaren GmbH,1,16.08.2025,NULL,NULL
12574,Mazzocchi Strutture in legno s.r.l.,3,16.08.2025,NULL,NULL
10243,MBA Dämmstoffe GmbH,3,16.08.2025,NULL,NULL
11446,MECO Erdwärme,3,16.08.2025,NULL,NULL
10244,Mefa Befestigungs- und Montagesysteme GmbH,3,16.08.2025,NULL,NULL
10245,Meickl Raimund GmbH & Co KG,3,16.08.2025,NULL,NULL
12637,Meier Baustoffe GmbH,1,16.08.2025,NULL,NULL
12644,Meier Baustoffe GmbH,1,16.08.2025,NULL,NULL
10694,MFH Massiv Fertighaus GmbH,3,16.08.2025,NULL,NULL
12304,mhs Ges.m.b.H. Montagesysteme für Heizung und Sanitär,1,16.08.2025,NULL,NULL
12388,Michael Doll Montage- und Befestigungssysteme,1,16.08.2025,NULL,NULL
11975,Mitter Fertigteil GmbH,2,16.08.2025,NULL,NULL
10989,Mitterecker Bau- & Fachmarkt GmbH,2,16.08.2025,NULL,NULL
12371,Mobau Schweiz AG,3,16.08.2025,NULL,NULL
11807,MOLDAN Baustoffe GmbH & Co KG,3,16.08.2025,NULL,NULL
12330,Mösenlechner GmbH & Co KG,3,16.08.2025,NULL,NULL
12519,Moser GmbH - Spenglerei-Glaserei,3,16.08.2025,NULL,NULL
10266,Mössler Baustoffhandel GmbH,3,16.08.2025,NULL,NULL
10249,Müller Andreas Ing. Bau GmbH,3,16.08.2025,NULL,NULL
12034,Multitherm GmbH & Co KG,1,16.08.2025,NULL,NULL
12509,Münzinger + Frieser Holding GmbH,1,16.08.2025,NULL,NULL
12512,MZ Fußbodentechnik,3,16.08.2025,NULL,NULL
10267,Nadlinger Handels-GmbH,2,16.08.2025,NULL,NULL
12452,Neubauer Dach Ges.m.b.H.,2,16.08.2025,NULL,NULL
12230,Nevoga GmbH,1,16.08.2025,NULL,NULL
10959,Niederer Erwin GmbH,3,16.08.2025,NULL,NULL
12580,Niedermühlbichler A. Bau Gesellschaft m.b.H.,3,16.08.2025,NULL,NULL
11071,Nikosan Bad - Heizung - Solar,3,16.08.2025,NULL,NULL
10511,NMC BEL/FRA,1,16.08.2025,NULL,NULL
12168,Nothegger Immobilien GmbH,2,16.08.2025,NULL,NULL
11768,Nussbaumer Baustoff GmbH,1,16.08.2025,NULL,NULL
30032,Nussmüller GmbH,3,16.08.2025,NULL,NULL
10636,ÖBau Gaggl Baustoffhandel GmbH & Co KG,3,16.08.2025,NULL,NULL
10276,Oberaigner Johann GmbH,3,16.08.2025,NULL,NULL
11991,Oberleitner GmbH,3,16.08.2025,NULL,NULL
11478,Oberndorfer Franz GmbH & Co,3,16.08.2025,NULL,NULL
10277,OBI Systemzentrale GmbH,1,16.08.2025,NULL,NULL
12558,OC System GmbH,3,16.08.2025,NULL,NULL
12003,Oechsner GmbH & Co KG,2,16.08.2025,NULL,NULL
12366,Oppeneiger Holzbau GmbH,3,16.08.2025,NULL,NULL
10278,Ortner GmbH,3,16.08.2025,NULL,NULL
12056,Oskar Griess GmbH,3,16.08.2025,NULL,NULL
30101,Osttiroler gemeinnützige Wohnungs- u. Siedlungsgenossenschaft,3,16.08.2025,NULL,NULL
10948,Pagitsch GmbH,1,16.08.2025,NULL,NULL
12328,Parzinger Baustoffe e.K.,3,16.08.2025,NULL,NULL
12413,PASTEINER GmbH,2,16.08.2025,NULL,NULL
12384,Pdh Partner des Handwerks Ulrike Niedermeier,2,16.08.2025,NULL,NULL
10284,Pehr u. Partner GmbH,3,16.08.2025,NULL,NULL
12188,PELIA Gebäudesysteme GmbH,2,16.08.2025,NULL,NULL
10689,Pelzer Hagebau Zentrum,3,16.08.2025,NULL,NULL
11982,Perktold Siegfried GmbH,3,16.08.2025,NULL,NULL
30026,Perwein Alois GmbH,3,16.08.2025,NULL,NULL
12120,Peter Gesellschaft m.b.H.,3,16.08.2025,NULL,NULL
10442,Pfeiffer & May,1,16.08.2025,NULL,NULL
12041,Pfeiffer Bau GmbH,2,16.08.2025,NULL,NULL
12559,Pflaum & Söhne Bausysteme GmbH,3,16.08.2025,NULL,NULL
10299,PG Group,1,16.08.2025,NULL,NULL
12626,Philip Hofer e.U,1,16.08.2025,NULL,NULL
12273,Pickert Reinhard e.K.,3,16.08.2025,NULL,NULL
30103,Pilhak Michael Spenglerei,3,16.08.2025,NULL,NULL
11788,Pipelife Hungaria KFT,3,16.08.2025,NULL,NULL
12604,Planfactory GmbH,2,16.08.2025,NULL,NULL
30089,Plank Dach GmbH,3,16.08.2025,NULL,NULL
11619,Ploberger H. GmbH,3,16.08.2025,NULL,NULL
30011,Pock GesmbH,3,16.08.2025,NULL,NULL
10289,Podesser Baustoffe GmbH,3,16.08.2025,NULL,NULL
12647,POHL FLACHDACHMANAGEMENT GMBH,1,16.08.2025,NULL,NULL
10290,Polin Handels-GmbH,1,16.08.2025,NULL,NULL
12339,Poly Plast GmbH,3,16.08.2025,NULL,NULL
12639,POLYFIN AG,1,16.08.2025,NULL,NULL
12560,Pölzl Bau GmbH,3,16.08.2025,NULL,NULL
30041,Pölzl Gottfried GmbH,3,16.08.2025,NULL,NULL
12394,POOL-ALPIN Einkaufsgemeinschaft GmbH,3,16.08.2025,NULL,NULL
10293,Poschacher Baustoffhandel GmbH & Co KG,3,16.08.2025,NULL,NULL
10295,Pramer Baustoffe,1,16.08.2025,NULL,NULL
12242,Pramer Baustoffe - Komm. Sareno,3,16.08.2025,NULL,NULL
12176,Proline Systems GmbH,1,16.08.2025,NULL,NULL
10298,Pümpel A. & Co. KG,3,16.08.2025,NULL,NULL
12225,Pur Cajon Manufaktur,3,16.08.2025,NULL,NULL
11704,PYD Thermosysteme GmbH,1,16.08.2025,NULL,NULL
11442,PYRO-FOX Brandschutzservice GmbH,2,16.08.2025,NULL,NULL
10184,Quester Baustoffhandel GmbH,1,16.08.2025,NULL,NULL
11352,Quester Stadlbauer GmbH & Co KG (Anif),3,16.08.2025,NULL,NULL
10268,R&R Fachmarkt,2,16.08.2025,NULL,NULL
11105,Raab Karcher Baustoffe GmbH (Magdeburg),3,16.08.2025,NULL,NULL
10378,Rädler August GmbH,3,16.08.2025,NULL,NULL
12646,Raiffeisen Handelsgenossenschaft Mittelsachsen eG,1,16.08.2025,NULL,NULL
10305,Raiffeisen Lagerhaus Salzburg GmbH,1,16.08.2025,NULL,NULL
12640,Raiffeisen Waren GmbH Nopf,1,16.08.2025,NULL,NULL
12283,Raiffeisenbank im Donautal eG (Weichering),1,16.08.2025,NULL,NULL
12288,Raiffeisen-Handels-GmbH Ostbayern,1,16.08.2025,NULL,NULL
12367,Raiss E. GmbH & Baustoffhandel KG,2,16.08.2025,NULL,NULL
30008,Rathmanner GmbH,3,16.08.2025,NULL,NULL
11541,Rauschenberger Hartschaumtechnik GmbH,3,16.08.2025,NULL,NULL
12550,Regisol AG,2,16.08.2025,NULL,NULL
10307,REHAU Industries SE & Co. KG,1,16.08.2025,NULL,NULL
12582,Reichenpfader GmbH,1,16.08.2025,NULL,NULL
12495,Reindl Bau GmbH,2,16.08.2025,NULL,NULL
10888,Reisinger Helmut Mag.,3,16.08.2025,NULL,NULL
11871,REMA Handels GmbH,1,16.08.2025,NULL,NULL
10361,Rembeck KG,2,16.08.2025,NULL,NULL
12572,Remo Biserni srl,3,16.08.2025,NULL,NULL
12588,Resch Dach GmbH,3,16.08.2025,NULL,NULL
30015,Resch-Dach GesmbH,3,16.08.2025,NULL,NULL
12116,Rettig Heating Sp. z o.o. (Polen),1,16.08.2025,NULL,NULL
12303,RFC real good concepts OG,3,16.08.2025,NULL,NULL
12405,Rhenus Handels GmbH,3,16.08.2025,NULL,NULL
11651,Rieder Faserbeton-Elemente GmbH/ 3DM GmbH,2,16.08.2025,NULL,NULL
12155,Rieder GmbH & Co KG Tischlerei,3,16.08.2025,NULL,NULL
30057,Rieder Josef Haustechnik GmbH,3,16.08.2025,NULL,NULL
30040,Rieser Spenglerei,3,16.08.2025,NULL,NULL
12294,RK Infra GesmbH,3,16.08.2025,NULL,NULL
12282,Robert Schiftner GmbH,2,16.08.2025,NULL,NULL
30100,Röck Josef KG,3,16.08.2025,NULL,NULL
11237,Röfix AG (Südtirol/Italien),1,16.08.2025,NULL,NULL
11318,Röfix AG AT,1,16.08.2025,NULL,NULL
10119,Roliba A/S,2,16.08.2025,NULL,NULL
11608,Rooftrade Handelsagentur,3,16.08.2025,NULL,NULL
10630,Roth Werke GmbH,2,16.08.2025,NULL,NULL
12113,Rothner GmbH,2,16.08.2025,NULL,NULL
10775,Rubner Haus AG,3,16.08.2025,NULL,NULL
10312,RWA Burgenland,1,16.08.2025,NULL,NULL
10570,RWA Kärnten,2,16.08.2025,NULL,NULL
10715,RWA Kärnten,3,16.08.2025,NULL,NULL
10313,RWA Niederösterreich,1,16.08.2025,NULL,NULL
11320,RWA Oberösterreich,1,16.08.2025,NULL,NULL
11994,RWA Oberösterreich - LH Eferding,1,16.08.2025,NULL,NULL
12022,RWA Oberösterreich - LH Freistadt,1,16.08.2025,NULL,NULL
12628,RWA Oberösterreich - LH Gen. Grein und Umgebung,1,16.08.2025,NULL,NULL
12110,RWA Oberösterreich - LH Gen. Schaerding,1,16.08.2025,NULL,NULL
12629,RWA Oberösterreich - LH Gen. Vöcklabruck-Gmunden,1,16.08.2025,NULL,NULL
11201,RWA Oberösterreich - LH Innviertel-Traunviertel-Urfahr eGen,1,16.08.2025,NULL,NULL
11992,RWA Oberösterreich - LH Pregarten-Gallneukirchen,1,16.08.2025,NULL,NULL
10302,RWA Osttirol,2,16.08.2025,NULL,NULL
10725,RWA Steiermark,2,16.08.2025,NULL,NULL
11117,RWA T - ULH Kirchdorf,1,16.08.2025,NULL,NULL
10304,RWA Tirol -  RLH Kufstein,2,16.08.2025,NULL,NULL
10303,RWA Tirol,1,16.08.2025,NULL,NULL
10960,RWA V,3,16.08.2025,NULL,NULL
12611,S.MARTIN Bau GmbH,3,16.08.2025,NULL,NULL
12397,S.S.R. Handels GmbH,3,16.08.2025,NULL,NULL
10340,Saint-Gobain Austria GmbH,3,16.08.2025,NULL,NULL
12537,Saint-Gobain Building Distribution Benelux SFIC,1,16.08.2025,NULL,NULL
10726,Saint-Gobain Isover Austria GmbH,3,16.08.2025,NULL,NULL
10175,Saint-Gobain Isover G+H AG,2,16.08.2025,NULL,NULL
12223,Salzer Formtech GmbH,1,16.08.2025,NULL,NULL
12490,Sanikal KG des Konrad Folie & Co.,1,16.08.2025,NULL,NULL
10316,Sanitär Heinze Handels-GmbH & Co KG,3,16.08.2025,NULL,NULL
10317,Sanitär-Elementbau GmbH,3,16.08.2025,NULL,NULL
30046,Sapper Werner GmbH,3,16.08.2025,NULL,NULL
11384,Sareno Objektisolierung GmbH & Co KG,3,16.08.2025,NULL,NULL
12516,Sarna-Granol AG,3,16.08.2025,NULL,NULL
12347,SBH Spezial-Baustoffe GmbH,3,16.08.2025,NULL,NULL
12393,Schachermayer-Großhandelsgesellschaft m.b.H,3,16.08.2025,NULL,NULL
11411,Schachnerhaus GmbH,3,16.08.2025,NULL,NULL
11468,Schalbau-Vitzthum GmbH,3,16.08.2025,NULL,NULL
12586,Schenk GmbH Spenglerei - Glaserei,3,16.08.2025,NULL,NULL
10322,Schennach Franz GmbH,1,16.08.2025,NULL,NULL
12406,Scheuwimmer Fahrzeugbau GmbH,3,16.08.2025,NULL,NULL
12316,Schiefergruben Magog GmbH & Co. KG,3,16.08.2025,NULL,NULL
11500,Schiestl Kunststoffwerk GmbH,2,16.08.2025,NULL,NULL
10874,Schilowsky Baustoffhandel GmbH,2,16.08.2025,NULL,NULL
12165,Schmidt Heinrich GmbH & Co. KG,3,16.08.2025,NULL,NULL
10325,Schmidt's Handels-GmbH (HB),3,16.08.2025,NULL,NULL
12355,Schmidt's Handels-GmbH (Zielgruppe HTH),3,16.08.2025,NULL,NULL
12318,Schönthaler Baustoffe KG,3,16.08.2025,NULL,NULL
10124,Schroll Bau GmbH,2,16.08.2025,NULL,NULL
10380,Schuberth Josef & Söhne,3,16.08.2025,NULL,NULL
11955,Schuh GesmbH,2,16.08.2025,NULL,NULL
30062,Schuster Peter,3,16.08.2025,NULL,NULL
30087,Schwarzenbacher GmbH & Co KG,2,16.08.2025,NULL,NULL
11781,Schwarzenbeck M. & Co.,2,16.08.2025,NULL,NULL
12190,Schweiger Rudolf Abdichtung und Isolierbau-GmbH & Co. KG,2,16.08.2025,NULL,NULL
11292,Schwimmbecken Rambow,3,16.08.2025,NULL,NULL
11902,SEFRA Farben- und Tapetenvertrieb GmbH,3,16.08.2025,NULL,NULL
10627,Selit Dämmtechnik GmbH,3,16.08.2025,NULL,NULL
11234,SFW Salzburger Fertigteilwerk GmbH,3,16.08.2025,NULL,NULL
10301,SGBD Deutschland GmbH (Raab Karcher),2,16.08.2025,NULL,NULL
12060,Sharkpools Werner Weinegger,3,16.08.2025,NULL,NULL
12211,Sika Österreich GmbH,1,16.08.2025,NULL,NULL
30029,Siorpaes Erich,3,16.08.2025,NULL,NULL
12237,Skof Dach GmbH,3,16.08.2025,NULL,NULL
11443,SM Mehringer GmbH,3,16.08.2025,NULL,NULL
12035,smartbau Handel GmbH & Co KG,2,16.08.2025,NULL,NULL
11907,Soprema AG CH,1,16.08.2025,NULL,NULL
12326,Soprema GmbH (AT),2,16.08.2025,NULL,NULL
12162,Soprema GmbH Deutschland,3,16.08.2025,NULL,NULL
12396,Späth Baustoffhandel,2,16.08.2025,NULL,NULL
12599,Spenglerei & Dachdeckerei Mark Schrettl eU,1,16.08.2025,NULL,NULL
12215,Spenglerei Burtscher GmbH,2,16.08.2025,NULL,NULL
30070,Spenglerei Giner Ges.m.b.H,3,16.08.2025,NULL,NULL
12522,Spenglerei Marijan e.U.,2,16.08.2025,NULL,NULL
30093,Spießberger-baugmbh,3,16.08.2025,NULL,NULL
12044,Spitzer GmbH Spengler-Dachdecker,3,16.08.2025,NULL,NULL
11226,Sporer Jürgen Baustoffhandel,3,16.08.2025,NULL,NULL
10334,Sprügel Gerhard GmbH,1,16.08.2025,NULL,NULL
12454,SR. Christian Küchl GmbH,3,16.08.2025,NULL,NULL
12096,SR.Schauraum Gmbh,3,16.08.2025,NULL,NULL
12344,Standortmarketing Kufstein GmbH,3,16.08.2025,NULL,NULL
11617,Steffner Johann GmbH,1,16.08.2025,NULL,NULL
12027,Steinbach Alpin,3,16.08.2025,NULL,NULL
12004,Steinbacher Dämmstoff GmbH - Konsignationslager Würth,3,16.08.2025,NULL,NULL
12231,Steinbacher Dämmstoff GmbH - Konsilager Termoprodukt,2,16.08.2025,NULL,NULL
12013,Steiner Bau GesmbH,3,16.08.2025,NULL,NULL
11744,Steiner Carl GmbH & Co KG,3,16.08.2025,NULL,NULL
12240,Steiner Dach GmbH,3,16.08.2025,NULL,NULL
12567,Stireks d.o.o.,3,16.08.2025,NULL,NULL
10562,STO GmbH,1,16.08.2025,NULL,NULL
12464,STO Italia Srl,3,16.08.2025,NULL,NULL
11402,Stolle KG,3,16.08.2025,NULL,NULL
12408,Strabag AG,3,16.08.2025,NULL,NULL
12357,Strabag AG (SYS),3,16.08.2025,NULL,NULL
12037,Strabag AG Innsbruck,3,16.08.2025,NULL,NULL
10231,STRABAG Bau GmbH,3,16.08.2025,NULL,NULL
12154,Strillinger Michael,3,16.08.2025,NULL,NULL
11880,Strobl Bau-Holzbau GmbH,3,16.08.2025,NULL,NULL
10122,swisspor AG,1,16.08.2025,NULL,NULL
12256,SYMAK SWISS AG,3,16.08.2025,NULL,NULL
12343,Sympor EPS Industries GmbH,1,16.08.2025,NULL,NULL
10145,Synthesa Chemie GmbH,3,16.08.2025,NULL,NULL
12564,T. Docekal GmbH Baustoffhandel Gerüst- u. Geräteverleih,3,16.08.2025,NULL,NULL
30012,T.R. Flachdachbau GmbH,2,16.08.2025,NULL,NULL
11762,T4 Systems Umwelttechnik GmbH,3,16.08.2025,NULL,NULL
12017,TECE Österreich GmbH,2,16.08.2025,NULL,NULL
10865,TechKon GmbH,3,16.08.2025,NULL,NULL
12358,Teerag Asdag AG (SYS),3,16.08.2025,NULL,NULL
10129,Termolan srl,1,16.08.2025,NULL,NULL
11612,Teubl Handelsgesellschaft mbH,3,16.08.2025,NULL,NULL
11944,Thermaflex Isolierprodukte GmbH,3,16.08.2025,NULL,NULL
12227,Thermolutz GmbH & Co.,2,16.08.2025,NULL,NULL
11613,Thermotec/Mixit,1,16.08.2025,NULL,NULL
11620,Thermtec Wärmetechnik GmbH,2,16.08.2025,NULL,NULL
12141,Thumag AG,3,16.08.2025,NULL,NULL
12381,Tiefenbacher Anton Holzbau,1,16.08.2025,NULL,NULL
10343,Tirona AG,3,16.08.2025,NULL,NULL
10538,TiSUN GmbH,3,16.08.2025,NULL,NULL
30095,Tollinger GmbH,2,16.08.2025,NULL,NULL
12216,TopHaus AG / S.p.A.,2,16.08.2025,NULL,NULL
11342,Torggler Commerz GmbH/S.r.l. (Haustechnik),3,16.08.2025,NULL,NULL
10345,Torggler Commerz GmbH/S.r.l. (Hochbau),2,16.08.2025,NULL,NULL
12563,Torggler S.r.l.,3,16.08.2025,NULL,NULL
12631,Tourismusverband Pitztal,3,16.08.2025,NULL,NULL
12143,Traub GmbH & Co. Haustechnik KG,2,16.08.2025,NULL,NULL
10346,Tschabrun Hermann GmbH,3,16.08.2025,NULL,NULL
10934,Übellacker Baustoff GmbH,3,16.08.2025,NULL,NULL
10348,Unger Stahlbau,3,16.08.2025,NULL,NULL
12378,UNI-Bausysteme GmbH,2,16.08.2025,NULL,NULL
11244,Universa Kunststofftechnik GmbH & Co KG,3,16.08.2025,NULL,NULL
12299,Universa Systemtechnik Ges.m.b.H.,2,16.08.2025,NULL,NULL
12589,Unterganschnigg Friedrich GmbH,2,16.08.2025,NULL,NULL
30080,Unterganschnigg W. KG,3,16.08.2025,NULL,NULL
12404,Unterkofler GmbH,3,16.08.2025,NULL,NULL
11310,Valetta Sonnenschutztechnik GmbH,2,16.08.2025,NULL,NULL
11458,Variotherm Heizsysteme GmbH,1,16.08.2025,NULL,NULL
11661,Vestische Dach- und Wandbaustoffe GmbH,3,16.08.2025,NULL,NULL
11381,Viega GmbH & Co KG,1,16.08.2025,NULL,NULL
12195,Vigia Energy Solutions srl,3,16.08.2025,NULL,NULL
12051,Viktor Sajowitz GmbH,3,16.08.2025,NULL,NULL
10692,Villas Austria GmbH,1,16.08.2025,NULL,NULL
10272,Vogl Baumarkt GmbH,3,16.08.2025,NULL,NULL
10117,Voglmayr Baustoffe GmbH,2,16.08.2025,NULL,NULL
10352,Von Guttenberg GmbH (Aschheim),3,16.08.2025,NULL,NULL
10819,VS Hohldielen West GmbH,3,16.08.2025,NULL,NULL
10113,W&B Holzbau GmbH,2,16.08.2025,NULL,NULL
12643,W.Weissbacher GmbH,3,16.08.2025,NULL,NULL
12258,Wagner Fliesen & Baustoffe Schönaich GmbH,2,16.08.2025,NULL,NULL
10353,Wagner J. GmbH & Co KG (Hausmannstätten),3,16.08.2025,NULL,NULL
10354,Wälderhaus Handels-GmbH & Co KG,3,16.08.2025,NULL,NULL
12601,Waldhart Spenglerei-Glaserei GmbH,2,16.08.2025,NULL,NULL
10771,Wallner Alois GmbH,2,16.08.2025,NULL,NULL
11990,Walter Bliem Holzbau GmbH,3,16.08.2025,NULL,NULL
11370,WeGo Systembaustoffe Austria GmbH,3,16.08.2025,NULL,NULL
10833,Weigang Baubedarf,3,16.08.2025,NULL,NULL
30013,Weise Otmar GmbH,3,16.08.2025,NULL,NULL
12212,Wendlinger Andreas Zimmerei,3,16.08.2025,NULL,NULL
12446,Wernbacher Robert Zimmerei,3,16.08.2025,NULL,NULL
10357,Wessenthaler Baustoffvertriebs-GmbH,3,16.08.2025,NULL,NULL
10700,Wieland-Werke AG,3,16.08.2025,NULL,NULL
12271,Wilhelm J. GmbH & Co. KG,3,16.08.2025,NULL,NULL
12359,Wimmer Paul Spenglerei & Glaserei GmbH,3,16.08.2025,NULL,NULL
11517,Wimmer Torsysteme,2,16.08.2025,NULL,NULL
30033,Windhofer Walter,3,16.08.2025,NULL,NULL
11668,WINKLER GmbH Heizung Sanitärhandel,2,16.08.2025,NULL,NULL
10587,Wippel GmbH & Co KG,1,16.08.2025,NULL,NULL
12214,WiTru GmbH,3,16.08.2025,NULL,NULL
12279,WITTUR Austria GmbH,3,16.08.2025,NULL,NULL
10724,WKS Systemtechnik GmbH,1,16.08.2025,NULL,NULL
10387,WMC Haustechnik Handels- und Service GmbH & Co KG,3,16.08.2025,NULL,NULL
30021,Wöber Josef GmbH,3,16.08.2025,NULL,NULL
12228,Wolf Bauges.m.b.H.,3,16.08.2025,NULL,NULL
11884,Wolf Česká republika s.r.o.,2,16.08.2025,NULL,NULL
12250,Wolfgang Ebner GmbH,3,16.08.2025,NULL,NULL
12329,Wolfgang Nairz Schwarzdecker Spengler,3,16.08.2025,NULL,NULL
12385,Wolfinger Holzbau GmbH,2,16.08.2025,NULL,NULL
12290,WRW Pipes GmbH,1,16.08.2025,NULL,NULL
10365,Würth Adolf GmbH & Co KG,1,16.08.2025,NULL,NULL
12542,Würth GmbH/S.r.l.,1,16.08.2025,NULL,NULL
10728,Würth Handels-GmbH,1,16.08.2025,NULL,NULL
12249,Würth Industrie Service GmbH & CO. KG,3,16.08.2025,NULL,NULL
12265,Würth-Hochenburger AG (Schweiz),1,16.08.2025,NULL,NULL
10185,Würth-Hochenburger Baumarkt GmbH,1,16.08.2025,NULL,NULL
30055,XXX_DIG Dach GmbH,3,16.08.2025,NULL,NULL
30097,XXX_Rathgeb Spenglerei GmbH,2,16.08.2025,NULL,NULL
30020,XXX_Saringer Hannes,3,16.08.2025,NULL,NULL
30039,XXX_Springer Ges.m.b.H.,3,16.08.2025,NULL,NULL
10541,Zehetner GmbH,3,16.08.2025,NULL,NULL
10982,Zelisko Josef Fabrik für Elektrotechnik und Maschinenbau GmbH,3,16.08.2025,NULL,NULL
10368,Zenker Hausbau GmbH,2,16.08.2025,NULL,NULL
10369,Zentraleinkauf Süd GmbH,1,16.08.2025,NULL,NULL
11168,Zewotherm Heating GmbH,1,16.08.2025,NULL,NULL
10370,Zgonc Handel GmbH,3,16.08.2025,NULL,NULL
11699,Ziegelwerk Eder GmbH & Co KG,2,16.08.2025,NULL,NULL
12136,Zimmerei - Holzbau Peter Auer,3,16.08.2025,NULL,NULL
12191,Zimmerei - Holzbau Schlager GmbH,3,16.08.2025,NULL,NULL
12462,Zimmerei Klaus Kibele,3,16.08.2025,NULL,NULL
12451,Zimmerei Spisser GmbH,3,16.08.2025,NULL,NULL
12224,Zimmermann GmbH,3,16.08.2025,NULL,NULL
11928,Zisola AG,3,16.08.2025,NULL,NULL
12525,Zogg Solutions GmbH,3,16.08.2025,NULL,NULL
11779,Zuckerstätter Ing. Anton Zimmerei,3,16.08.2025,NULL,NULL
12610,Zweckverband Thüringer Wintersportzentrum,3,16.08.2025,NULL,NULL
11747,ZZ Wancor,3,16.08.2025,NULL,NULL
10314,AFS T - Raiffeisen Lagerhaus Hopfgarten-Woergl (Hopfgarten),3,16.08.2025,NULL,NULL
10310,AFS T - Unser Lagerhaus Warenhandels-GmbH (Hippach),2,16.08.2025,NULL,NULL
10107,B+M Österreich (Klagenfurt),3,16.08.2025,NULL,NULL
10430,B+M Österreich (Sbg/Ibk),3,16.08.2025,NULL,NULL
11319,Röfix AG (Röthis),3,16.08.2025,NULL,NULL
11264,Rehau Industries SE & Co. KG (HT-Lieferungen),1,16.08.2025,NULL,NULL
12392,Quester Baustoffhandel GmbH (BauProfi),2,16.08.2025,NULL,NULL
11879,Röfix AG Bgld./NÖ-Süd,3,16.08.2025,NULL,NULL
12368,3DM GmbH,3,16.08.2025,NULL,NULL
12614,Austyrol Dämmstoffe GmbH (OEM),2,16.08.2025,NULL,NULL
10844,Lagerhaus Thermenland eGen,3,16.08.2025,NULL,NULL
12579,Austrotherm GmbH (VH ab Polen),3,16.08.2025,NULL,NULL
10617,Röfix AG Ktn./Stmk.,3,16.08.2025,NULL,NULL
11202,Röfix AG OÖ/NÖ,3,16.08.2025,NULL,NULL
11312,B+M Baustoff + Metall (Linz),3,16.08.2025,NULL,NULL
12650,Reiffeissen-Markt Waren GmbH,3,16.08.2025,NULL,NULL